<?xml version="1.0" encoding="UTF-8"?>
<!DOCTYPE mapper PUBLIC "-//mybatis.org//DTD Mapper 3.0//EN" "http://mybatis.org/dtd/mybatis-3-mapper.dtd">
<mapper namespace="com.heima.model.mappers.app.ApArticleMapper">

    <resultMap id="resultMap" type="com.heima.model.article.pojos.ApArticle">
        <id column="id" property="id"/>
        <result column="title" property="title"/>
        <result column="author_id" property="authorId"/>
        <result column="author_name" property="authorName"/>
        <result column="channel_id" property="channelId"/>
        <result column="channel_name" property="channelName"/>
        <result column="layout" property="layout"/>
        <result column="flag" property="flag"/>
        <result column="images" property="images"/>
        <result column="labels" property="labels"/>
        <result column="likes" property="likes"/>
        <result column="collection" property="collection"/>
        <result column="comment" property="comment"/>
        <result column="views" property="views"/>
        <result column="province_id" property="provinceId"/>
        <result column="city_id" property="cityId"/>
        <result column="county_id" property="countyId"/>
        <result column="created_time" property="createdTime"/>
        <result column="publish_time" property="publishTime"/>
        <result column="sync_status" property="syncStatus"/>
    </resultMap>
    <sql id="Base_Column_List">
    id, title, author_id, author_name, channel_id, channel_name, layout, flag, images,
    labels, likes, collection, comment, views, province_id, city_id, county_id, created_time,
    publish_time,sync_status
  </sql>

    <select id="loadArticleListByLocation" resultMap="resultMap">
        select <include refid="Base_Column_List"/>
        from ap_article  aa
        <where>
            <if test="dto.provinceId != null">
                and aa.province_id = #{dto.provinceId}
            </if>
            <if test="dto.cityId != null">
                and aa.city_id = #{dto.cityId}
            </if>
            <if test="dto.countyId != null">
                and aa.county_id = #{dto.countyId}
            </if>
            <if test="type != null and type ==1">
                and aa.publish_time <![CDATA[<]]>  #{dto.minBehotTime}
            </if>

            <if test="type != null and type ==2">
                and aa.publish_time <![CDATA[>]]>  #{dto.maxBehotTime}
            </if>

            <if test="dto.tag!= '__all__'">
                and aa.channel_id = #{dto.tag}
            </if>

        </where>
        limit #{dto.size}
    </select>

    <select id="loadArticleListByIdList" resultMap="resultMap">
       select
        <include refid="Base_Column_List" />
        from ap_article
       where id in (
        <trim suffix="" suffixOverrides=",">
            <foreach collection="list" item="item" separator=",">
                #{item.articleId}
            </foreach>
        </trim>
       )
    </select>
</mapper>