<?xml version="1.0" encoding="UTF-8"?>
<configuration>
    <properties>
        <property name="CONSOLE_PATTERN">${log.pattern}</property>
        <property name="FILE_NAME">${project.build.finalName}</property>
    </properties>
    <!--先定义所有的appender-->
    <appenders>
        <!--这个输出控制台的配置-->
        <console name="Console" target="SYSTEM_OUT">
            <!--输出日志的格式-->
            <PatternLayout pattern="${CONSOLE_PATTERN}"/>
        </console>
        <!-- 这个会打印出所有的info及以下级别的信息，每次大小超过size，则这size大小的日志会自动存入按年份-月份建立的文件夹下面并进行压缩，作为存档-->
        <RollingFile name="RollingFileInfo" fileName="${sys:user.home}/logs/${FILE_NAME}.log"
                     filePattern="${sys:user.home}/logs/$${date:yyyy-MM}/${FILE_NAME}-%d{yyyy-MM-dd}-%i.log">
            <PatternLayout pattern="${CONSOLE_PATTERN}"/>
            <Policies>
                <TimeBasedTriggeringPolicy/>
                <SizeBasedTriggeringPolicy size="100 MB"/>
            </Policies>
        </RollingFile>
    </appenders>
    <loggers>
        <!--过滤掉spring和mybatis的一些无用的DEBUG信息-->
        <logger name="org.springframework" level="INFO"></logger>
        <logger name="org.mybatis" level="INFO"></logger>
        <logger name="org.apache.http" level="INFO"></logger>
        <logger name="org.apache.kafka" level="INFO"></logger>
        <logger name="com.netflix.discovery" level="INFO"></logger>
        <logger name="org.hibernate" level="INFO"></logger>
        <root level="${log.level}">
            <appender-ref ref="Console"/>
            <appender-ref ref="RollingFileInfo"/>
        </root>
    </loggers>
</configuration>